id_pergunta;pesquisa_id;pesquisa_titulo;enunciado;tipo;qtd_alternativas;alternativas;linhas_matriz;colunas_matriz;confianca;formato_arquivo;col_origem;observacoes
1;1147;Tecnologia para a Força de Vendas;Qual é a faixa aproximada do total de colaboradores no Brasil?;multipla_escolha;4;1001 a 3000 | 501 a 1000 | Acima de 3000 | Até 500;;;alta;new;20;
2;1147;Tecnologia para a Força de Vendas;Sua empresa possui colaboradores que atuam na Força de Vendas?;multipla_escolha;2;Não | Sim;;;alta;new;21;
3;1147;Tecnologia para a Força de Vendas;Qual é o número total de colaboradores que compõem a Força de Vendas da empresa?;multipla_escolha;6;Acima de 500 | Até 100 | De 101 a 200 | De 201 a 300 | De 301 a 400 | De 401 a 500;;;alta;new;22;
4;1147;Tecnologia para a Força de Vendas;Quais perfis compõem a Força de Vendas?Obs.: mais de uma opção pode ser selecionada.;caixas_de_selecao;7;Representantes de visitação médica | Representantes de ponto de venda (PDV) | Gerentes distritais / regionais | Medical Science Liaison (MSL) | Consultores de Oncologia | Consultores de Doenças Raras | Outros;;;alta;new;23-29;
5;1147;Tecnologia para a Força de Vendas;Quais equipamentos são disponibilizados para cada perfil abaixo?;matriz_avaliacao;28;;Representantes de visitação médica | Representantes de ponto de venda (PDV) | Gerentes distritais / regionais | Medical Science Liaison (MSL) | Consultores de Oncologia | Consultores de Doenças Raras | [Insert text from Other];Notebook | Tablet | Smartphone | Ipad/Table;alta;new;30-58;
6;1147;Tecnologia para a Força de Vendas;É permitido o uso de equipamentos pessoais (Bring Your Own Device – BYOD) para os perfis abaixo;caixas_de_selecao;7;Representantes de visitação médica | Representantes de ponto de venda (PDV) | Gerentes distritais / regionais | Medical Science Liaison (MSL) | Consultores de Oncologia | Consultores de Doenças Raras | [Insert text from Other];;;alta;new;59-65;
7;1147;Tecnologia para a Força de Vendas;Qual o modelo predominante de fornecimento de equipamentos?;caixas_de_selecao;4;Ipad | Notebook | Smartphone | Observações:;;;alta;new;66-69;
8;1147;Tecnologia para a Força de Vendas;Informe a franquia mensal de dados móveis disponibilizada, em gigabytes por mês (GB/mês), para cada perfil da Força de Vendas.;caixas_de_selecao;7;Representantes de visitação médica | Representantes de ponto de venda (PDV) | Gerentes distritais / regionais | Medical Science Liaison (MSL) | Consultores de Oncologia | Consultores de Doenças Raras | [Insert text from Other];;;alta;new;70-76;
9;1147;Tecnologia para a Força de Vendas;Como está estruturada a política de roaming internacional para os perfis abaixo?;caixas_de_selecao;7;Representantes de visitação médica | Representantes de ponto de venda (PDV) | Gerentes distritais / regionais | Medical Science Liaison (MSL) | Consultores de Oncologia | Consultores de Doenças Raras | [Insert text from Other];;;alta;new;77-83;
10;1147;Tecnologia para a Força de Vendas;Como está estruturado o suporte de Tecnologia da Informação (TI) à Força de Vendas?;multipla_escolha;4;Interno e centralizado | Interno e regional | Outros (Por favor, especifique.) | Terceirizado;;;alta;new;84;
11;1147;Tecnologia para a Força de Vendas;Qual é o tempo médio para disponibilização completa dos equipamentos ao novo colaborador?;multipla_escolha;4;De 2 a 5 dias úteis | Mais de 5 dias úteis | No primeiro dia útil | Outros (Por favor, especifique.);;;alta;new;86;
12;112;Cotas de Pessoas com Deficiência e Jovens Aprendizes;Qual o número de funcionários de sua empresa elegíveis ao cálculo da cota de Aprendizes?Obs.: devem ser excluídas as funções que exigem escolaridade de nível técnico ou superior de educação, além dos cargos de direção, gerência ou de confiança e terceirizados vinculados à outra organização.;numerica;;;;;alta;old;18;
13;112;Cotas de Pessoas com Deficiência e Jovens Aprendizes;A empresa possui um programa de contratação de Jovens Aprendizes?;multipla_escolha;2;Não | Sim;;;alta;old;20;
14;112;Cotas de Pessoas com Deficiência e Jovens Aprendizes;A empresa possui quantos Jovens Aprendizes?Obs.: Estas respostas não serão divulgadas individualmente, servirá apenas como base para o cálculo estatístico de cumprimento da cota no resultado.;numerica;;;;;alta;old;21;
15;112;Cotas de Pessoas com Deficiência e Jovens Aprendizes;Qual(is) entidade(s) e/ou fornecedor(es) sua empresa utiliza para recrutamento e seleção de Jovens Aprendizes?;caixas_de_selecao;8;CIEE | Espro | Senai | Camp | Nurap | Nube | RENAPSI | Outro;;;alta;old;22-29;
16;112;Cotas de Pessoas com Deficiência e Jovens Aprendizes;A entidade e/ou fornecedor apoia no processo de seleção?;multipla_escolha;2;Não | Sim;;;alta;old;30;
17;112;Cotas de Pessoas com Deficiência e Jovens Aprendizes;Qual é a carga horária predominante para o Jovem Aprendiz?;multipla_escolha;3;4h | 6h | 8h;;;alta;old;31;
18;112;Cotas de Pessoas com Deficiência e Jovens Aprendizes;Qual é o período do contrato de trabalho predominante para o Jovem Aprendiz?;multipla_escolha;3;12 meses | 18 meses | 24 meses;;;alta;old;32;
19;112;Cotas de Pessoas com Deficiência e Jovens Aprendizes;Qual é a faixa etária predominante na contratação do Jovem Aprendiz?;multipla_escolha;3;14 a 16 anos de idade | 17 a 19 anos de idade | 20 a 24 anos de idade;;;alta;old;33;
20;112;Cotas de Pessoas com Deficiência e Jovens Aprendizes;A cota de Jovens Aprendizes é proporcionalizada por áreas, ou seja, cada área é responsável pelo atingimento da cota geral da empresa?;multipla_escolha;2;Não | Sim;;;alta;old;34;
21;112;Cotas de Pessoas com Deficiência e Jovens Aprendizes;Houve alguma ação aplicada pela empresa que fez o diferencial para o cumprimento da cota de Jovens Aprendizes?Obs.: mais de uma opção pode ser selecionada.;caixas_de_selecao;6;Nenhuma das anteriores | Programas de capacitação interna | Parcerias com instituições educacionais | Incentivos financeiros | Ações de divulgação e sensibilização interna | Outro;;;alta;old;35-40;
22;112;Cotas de Pessoas com Deficiência e Jovens Aprendizes;Em relação à capacitação, os jovens aprendizes estão satisfeitos com a qualidade do curso oferecido?;multipla_escolha;2;Não | Sim;;;alta;old;41;
23;112;Cotas de Pessoas com Deficiência e Jovens Aprendizes;A empresa possui boa localização para o curso de capacitação dos Jovens Aprendizes?;multipla_escolha;2;Não | Sim;;;alta;old;42;
24;112;Cotas de Pessoas com Deficiência e Jovens Aprendizes;Qual o total de funcionários da sua empresa no Brasil?Obs.: diferente da questão 8, nesta não se deve excluir nenhuma categoria.;numerica;;;;;alta;old;43;
25;112;Cotas de Pessoas com Deficiência e Jovens Aprendizes;A empresa possui um programa de contratação de PCDs?;multipla_escolha;2;Não | Sim;;;alta;old;44;
26;112;Cotas de Pessoas com Deficiência e Jovens Aprendizes;A empresa possui quantos funcionários que se enquadram como PCDs?;numerica;;;;;alta;old;45;
27;112;Cotas de Pessoas com Deficiência e Jovens Aprendizes;Sua empresa utiliza algum parceiro e/ou consultoria para apoio no processo de recrutamento e seleção de PCDs?;multipla_escolha;2;Não | Sim (Por favor, especifique, qual.);;;alta;old;46;
28;112;Cotas de Pessoas com Deficiência e Jovens Aprendizes;Sua empresa trabalha com vaga afirmativa para contratação de PCDs?;multipla_escolha;2;Não | Sim;;;alta;old;48;
29;112;Cotas de Pessoas com Deficiência e Jovens Aprendizes;Quais ações são utilizadas pela empresa para atender as demandas das vagas de PCDs?Obs.: mais de uma opção pode ser selecionada.;caixas_de_selecao;6;Nenhuma das anteriores | Adaptação no processo seletivo | Treinamento de colaboradores para sensibilização e capacitação sobre a integrações de colegas PCDs ao ambiente de trabalho | Políticas de flexibilização de horários, escalas ou modalidades de trabalho, considerando as necessidades individuais dos colaboradores PCDs. | Acompanhamento especializado | Outro;;;alta;old;49-54;
30;112;Cotas de Pessoas com Deficiência e Jovens Aprendizes;A cota de PCD é proporcionalizada por áreas, ou seja, cada área é responsável pelo atingimento da cota?;multipla_escolha;2;Não | Sim;;;alta;old;55;
31;112;Cotas de Pessoas com Deficiência e Jovens Aprendizes;Houve alguma ação aplicada pela empresa que fez o diferencial para o cumprimento da cota PcD?Obs.: mais de uma opção pode ser selecionada.;caixas_de_selecao;7;Nenhuma das anteriores | Implementação de incentivos financeiros exclusivos para equipes que atingiram ou superaram as metas de contratação de PCD. | Estabelecimento de programas de reconhecimento e premiação específicos para colaboradores e equipes envolvidos no cumprimento da cota PcD. | Desenvolvimento de campanhas de marketing interno destacando o compromisso e os sucessos da empresa na inclusão de PCD. | Inscrição e participação em premiações específicas relacionadas à inclusão de PCD, visando reconhecimento externo. | Estabelecimento de parcerias estratégicas com organizações ou instituições que apoiam a inclusão de PCD, proporcionando benefícios adicionais. | Outro;;;alta;old;56-62;
32;424;Auxílio por filho especial;Qual das situações abaixo melhor descreve a experiência da sua empresa com a Cláusula Vigésima Sétima – Auxílio por filho especial?;multipla_escolha;4;Já recebemos solicitações e temos experiência prática na análise e/ou concessão do reembolso | Não recebemos solicitações e não possuímos critério ou política definida | Não recebemos solicitações, mas possuímos entendimento interno, critérios ou política para aplicação da cláusula | Não tenho conhecimento suficiente para responder;;;alta;new;20;
33;424;Auxílio por filho especial;Em relação aos pedidos recebidos, qual é a distribuição entre os tipos de reembolso previstos na cláusula?;multipla_escolha;4;Distribuição equilibrada entre ambos | Maior parte para educação especializada (até 90%) | Maior parte para tratamento, guarda, vigilância, assistência ou cuidado (até 50%) | Não realizamos esse controle;;;alta;new;21;
34;424;Auxílio por filho especial;Considerando a definição prevista em lei na cláusula como sua empresa realiza o enquadramento da deficiência?;multipla_escolha;4;Aplicação estrita das definições da cláusula | Avaliação caso a caso com base em laudo médico | Interpretação ampliada, considerando outras condições | Não há critério formal definido;;;alta;new;23;
35;424;Auxílio por filho especial;Em relação a transtornos do neurodesenvolvimento (ex.: Transtorno do Déficit de Atenção com Hiperatividade – TDAH), são considerados?;multipla_escolha;4;Avaliado caso a caso | Não | Outros (Por favor, especifique.) | Sim;;;alta;new;25;
36;424;Auxílio por filho especial;Para efeito de reembolso de até 90% do salário normativo, o que sua empresa considera como “educação especializada”? Obs.: mais de uma opção pode ser selecionada.;caixas_de_selecao;4;Atividades especializadas | Profissionais especializados (ex.: terapeutas, psicopedagogos) | Ensino regular (escolas tradicionais) | Outros;;;alta;new;27-30;
37;424;Auxílio por filho especial;A necessidade de educação especializada deve estar expressamente indicada no laudo médico para concessão do reembolso?;multipla_escolha;4;Avaliado caso a caso | Não | Outros (Por favor, especifique.) | Sim;;;alta;new;31;
38;424;Auxílio por filho especial;Quais comprovantes são aceitos para reembolso das despesas Obs.: mais de uma opção pode ser selecionada.;caixas_de_selecao;4;Nota fiscal | Recibo com identificação completa (nome, CPF/RG e endereço) | Contrato de prestação de serviço | Outros;;;alta;new;33-36;
39;424;Auxílio por filho especial;Nos casos de prestação de serviço por pessoa física, são aceitos recibos emitidos por familiares próximos (pais/mães, avós, irmãos ou tios)?;multipla_escolha;4;Avaliado caso a caso | Não | Outros (Por favor, especifique.) | Sim;;;alta;new;37;
40;424;Auxílio por filho especial;Sua empresa possui política interna para casos não regulamentados na cláusula?;multipla_escolha;4;Em desenvolvimento | Não possui | Sim, formalizada | Sim, não formalizada;;;alta;new;39;
41;1116;Jornada de trabalho nos jogos da Copa do Mundo 2026;Para os colaboradores do Escritório (Administrativo), qual é a principal orientação em dias de jogos da Seleção Brasileira durante o expediente?;multipla_escolha;5;Flexibilização de horários | Jornada normal | Liberação antecipada | Outros (Por favor, especifique.) | Possibilidade de home office;;;alta;new;20;
42;1116;Jornada de trabalho nos jogos da Copa do Mundo 2026;Caso haja liberação antecipada para o setor administrativo, com quantas horas de antecedência normalmente ocorre a liberação?;multipla_escolha;4;Até 1 hora antes do início do jogo | Entre 1 e 2 horas antes do início do jogo | Mais de 2 horas antes do início do jogo | Não se aplica (não há liberação antecipada);;;alta;new;22;
43;1116;Jornada de trabalho nos jogos da Copa do Mundo 2026;Quando ocorre liberação antecipada para o setor administrativo, como as horas são tratadas?;multipla_escolha;4;Abonadas (não há desconto ou necessidade de compensação) | Compensadas com banco de horas | Flexível/caso a caso | Não se aplica (não há liberação antecipada);;;alta;new;23;
44;1116;Jornada de trabalho nos jogos da Copa do Mundo 2026;Em dias de jogos, a empresa incentiva ou permite home office para colaboradores do administrativo?;multipla_escolha;2;Não | Sim;;;alta;new;24;
45;1116;Jornada de trabalho nos jogos da Copa do Mundo 2026;Nos dias em que é permitido o home office durante jogos, a possibilidade de trabalho remoto reduz a necessidade de liberação antecipada para colaboradores administrativos?;multipla_escolha;3;Não | Não se aplica (não é permitido home office) | Sim;;;alta;new;25;
46;1116;Jornada de trabalho nos jogos da Copa do Mundo 2026;Qual é a expectativa da empresa em relação à adesão presencial dos colaboradores administrativos durante jogos da Seleção Brasileira?;multipla_escolha;4;A empresa não estipulou expectativa | Maioria em home office | Maioria presencial | Misto (parte presencial, parte em home office);;;alta;new;26;
47;1116;Jornada de trabalho nos jogos da Copa do Mundo 2026;Sua empresa possui equipe de Força de Vendas?;multipla_escolha;2;Não | Sim;;;alta;new;27;
48;1116;Jornada de trabalho nos jogos da Copa do Mundo 2026;Para a Força de Vendas (equipe de campo), qual é a principal orientação em dias de jogos da Seleção Brasileira?;multipla_escolha;4;A critério da liderança local | Liberação antecipada | Não há orientação específica | Outros (Por favor, especifique.);;;alta;new;28;
49;1116;Jornada de trabalho nos jogos da Copa do Mundo 2026;Caso haja liberação antecipada para a Força de Vendas, com quanto tempo de antecedência normalmente ocorre essa liberação?;multipla_escolha;4;Até 1 hora antes do início do jogo | Entre 1 e 2 horas antes do início do jogo | Mais de 2 horas antes do início do jogo | Não se aplica (não há liberação antecipada);;;alta;new;30;
50;1116;Jornada de trabalho nos jogos da Copa do Mundo 2026;Para os colaboradores da Força de Vendas, como as horas não trabalhadas em função da liberação para jogos são tratadas?;multipla_escolha;3;Abonadas (não há desconto ou necessidade de compensação) | Compensadas | Não se aplica (não há liberação antecipada);;;alta;new;31;
51;1116;Jornada de trabalho nos jogos da Copa do Mundo 2026;Durante jogos em horário crítico (por exemplo, 14h em dia útil), qual será a orientação predominante para a jornada de funcionários administrativos e força de vendas?;multipla_escolha;4;Continuidade do expediente normalmente | Liberação do expediente no período da tarde | Outros (Por favor, especifique.) | Pausa para assistir ao jogo com retorno após o término;;;alta;new;32;
52;415;Gestão de Terceiros: Estrutura, Processos e Práticas;Qual é a quantidade total de colaboradores da sua empresa no brasil?;multipla_escolha;4;1001 a 5000 colaboradores | 501 a 1000 colaboradores | Acima de 5000 colaboradores | Até 500 colaboradores;;;alta;new;20;
53;415;Gestão de Terceiros: Estrutura, Processos e Práticas;Qual o segmento principal de atuação da sua empresa?;multipla_escolha;4;Biotecnologia | Distribuição logística farmacêutica | Indústria farmacêutica | Outros (Por favor, especifique.);;;alta;new;21;
54;415;Gestão de Terceiros: Estrutura, Processos e Práticas;Aproximadamente, qual o percentual da força de trabalho terceirizada em sua empresa?;multipla_escolha;4;Acima de 30% | Até 10% | De 11% a 20% | De 21% a 30%;;;alta;new;23;
55;415;Gestão de Terceiros: Estrutura, Processos e Práticas;Existe uma estrutura formal de governança para a gestão de terceiros?;multipla_escolha;4;Em construção | Não existe | Parcialmente definida | Sim, documentada e aprovada;;;alta;new;24;
56;415;Gestão de Terceiros: Estrutura, Processos e Práticas;Quais áreas participam formalmente da gestão de terceiros?Obs.: mais de uma opção pode ser selecionada.;caixas_de_selecao;7;Recursos Humanos (RH) | Finanças | Jurídico | Compliance | Compras / Suprimentos | Área demandante | Outros;;;alta;new;25-31;
57;415;Gestão de Terceiros: Estrutura, Processos e Práticas;Existe um comitê ou fórum de decisão para contratação de terceiros?;multipla_escolha;3;Não | Sim, recorrente | Sim, sob demanda (ad hoc);;;alta;new;32;
58;415;Gestão de Terceiros: Estrutura, Processos e Práticas;Qual área é a principal responsável pela gestão de terceiros na empresa?;multipla_escolha;5;Compliance | Compras / Suprimentos | Outros (Por favor, especifique.) | Recursos Humanos (RH) | Área demandante;;;alta;new;33;
59;415;Gestão de Terceiros: Estrutura, Processos e Práticas;Em quais etapas o RH atua no processo de contratação e gestão de terceiros? Obs.: mais de uma opção pode ser selecionada.;caixas_de_selecao;7;Planejamento de headcount (quadro de pessoal) | Avaliação de risco trabalhista | Definição de modelo contratual | Integração inicial (onboarding) | Gestão durante o contrato | Encerramento do contrato (offboarding) | Outros;;;alta;new;35-41;
60;415;Gestão de Terceiros: Estrutura, Processos e Práticas;O RH avalia a aderência da contratação de terceiros às políticas internas e à legislação trabalhista vigente?;multipla_escolha;4;Na maioria dos casos | Nunca | Raramente | Sempre;;;alta;new;42;
61;415;Gestão de Terceiros: Estrutura, Processos e Práticas;O RH monitora o tempo de permanência de profissionais terceiros na empresa?;multipla_escolha;3;Não | Sim, com controle manual | Sim, com sistema estruturado;;;alta;new;43;
62;415;Gestão de Terceiros: Estrutura, Processos e Práticas;A área de Finanças participa da aprovação das contratações de terceiros?;multipla_escolha;3;Apenas acima de determinado valor | Não | Sim, obrigatoriamente;;;alta;new;44;
63;415;Gestão de Terceiros: Estrutura, Processos e Práticas;Existe orçamento específico para força de trabalho terceirizada?;multipla_escolha;3;Não | Parcialmente | Sim;;;alta;new;45;
64;415;Gestão de Terceiros: Estrutura, Processos e Práticas;Com que frequência os custos relacionados a terceiros são revisados?;multipla_escolha;4;Anualmente | Mensalmente | Não há revisão estruturada | Trimestralmente;;;alta;new;46;
65;415;Gestão de Terceiros: Estrutura, Processos e Práticas;A empresa utiliza sistema para controle e acompanhamento de terceiros?;multipla_escolha;2;Não | Sim;;;alta;new;47;
66;415;Gestão de Terceiros: Estrutura, Processos e Práticas;Caso utilize sistema, qual o tipo de solução adotada?;multipla_escolha;4;Outros (Por favor, especifique.) | Planilhas / controles manuais | Sistema de mercado especializado | Sistema interno desenvolvido pela empresa;;;alta;new;48;
67;415;Gestão de Terceiros: Estrutura, Processos e Práticas;Como é realizado o processo de admissão e gestão documental de terceiros?;multipla_escolha;4;Manual | Outros (Por favor, especifique.) | Parcialmente digital | Totalmente digital;;;alta;new;50;
68;415;Gestão de Terceiros: Estrutura, Processos e Práticas;Como é realizada a verificação do cumprimento de obrigações trabalhistas e encargos pelas empresas terceiras?;multipla_escolha;5;Análise documental mensal | Auditoria periódica estruturada | Não há verificação estruturada | Outros (Por favor, especifique.) | Verificação eventual;;;alta;new;52;
69;415;Gestão de Terceiros: Estrutura, Processos e Práticas;A empresa trabalha com fornecedores previamente homologados para prestação de serviços terceirizados?;multipla_escolha;3;Em implantação | Não | Sim;;;alta;new;54;
70;415;Gestão de Terceiros: Estrutura, Processos e Práticas;Existem critérios formais para contratação de fornecedores de mão de obra terceirizada?;multipla_escolha;3;Não | Parcialmente definidos | Sim, definidos e padronizados;;;alta;new;55;
71;415;Gestão de Terceiros: Estrutura, Processos e Práticas;Os contratos com terceiros são padronizados?;multipla_escolha;3;Não | Parcialmente | Sim;;;alta;new;56;
72;415;Gestão de Terceiros: Estrutura, Processos e Práticas;Há auditoria periódica dos fornecedores?;multipla_escolha;3;Eventual | Não | Sim;;;alta;new;57;
73;415;Gestão de Terceiros: Estrutura, Processos e Práticas;Existe avaliação formal de riscos trabalhistas antes da contratação de terceiros?;multipla_escolha;3;Não | Parcial | Sim;;;alta;new;58;
74;415;Gestão de Terceiros: Estrutura, Processos e Práticas;A empresa possui diretrizes formais para gestão adequada da relação com terceiros, considerando aspectos legais e regulatórios?;multipla_escolha;3;Não | Parcialmente | Sim;;;alta;new;59;
75;415;Gestão de Terceiros: Estrutura, Processos e Práticas;Nos últimos 5 anos, a empresa enfrentou questionamentos ou contingências relacionados à gestão de terceiros?;multipla_escolha;3;Não | Prefiro não responder | Sim;;;alta;new;60;
76;415;Gestão de Terceiros: Estrutura, Processos e Práticas;Quais indicadores são monitorados na gestão de terceiros?Obs.: mais de uma opção pode ser selecionada.;caixas_de_selecao;6;Quantidade de terceiros (headcount) | Custo total | Tempo médio de permanência | Indicadores de risco | Performance de fornecedores | Outros;;;alta;new;61-66;
77;415;Gestão de Terceiros: Estrutura, Processos e Práticas;Como você avalia a maturidade da gestão de terceiros em sua empresa?;multipla_escolha;4;Avançada | Em desenvolvimento | Estruturada | Inicial;;;alta;new;67;
78;415;Gestão de Terceiros: Estrutura, Processos e Práticas;Quais são os principais desafios atuais na gestão de terceiros?;aberta;;;;;alta;new;68;
79;415;Gestão de Terceiros: Estrutura, Processos e Práticas;Quais são as principais prioridades para os próximos 2 anos?Obs.: mais de uma opção pode ser selecionada.;caixas_de_selecao;6;Redução de riscos | Controle de custos | Integração entre áreas | Automação e sistemas | Compliance regulatório | Outros;;;alta;new;69-74;
80;274;People Analytics;Em sua empresa, existe uma área e/ou profissional dedicado a People Analytics?;multipla_escolha;3;Existe um ou mais profissionais dedicados a People Analytics dentro de uma outra área (Por favor, especifique a área.) | Não | Sim, existe uma área dedicada a People Analytics;;;alta;old;17;
81;274;People Analytics;A área de People Analytics está alocada dentro de qual diretoria?;multipla_escolha;3;Gente e Gestão | Outra (Por favor, especifique.) | Recursos Humanos;;;alta;old;19;
82;274;People Analytics;Quantos colaboradores existem na área de People Analytics?;numerica;;;;;alta;old;21;
83;274;People Analytics;Há quantos profissionais dedicados a People Analytics dentro dessa área?;numerica;;;;;alta;old;22;
84;274;People Analytics;Há profissionais dedicados a indicadores/métricas na área de Recursos Humanos?;multipla_escolha;2;Não | Sim;;;alta;old;23;
85;274;People Analytics;Com quais indicadores os profissionais dedicados a People Analytics costumam trabalhar em relação a REMUNERAÇÃO?;caixas_de_selecao;8;Não é utilizado nenhum indicador | Percentil salarial – Indica em que faixa do mercado os salários da empresa estão posicionados (ex.: acima da média, na média ou abaixo da média). | Custo total com remuneração – Calcula o custo total da empresa com salários e benefícios em relação à receita ou ao orçamento. | Retorno sobre investimento (ROI) em remuneração – Avalia se o investimento em salários e benefícios está refletindo em produtividade e retenção. | Remuneração variável – Analisa o impacto de bônus, comissões e participação nos lucros na composição total da remuneração. | Pay Gap (Diferença Salarial) – Avalia disparidades salariais com base em gênero, raça ou outros critérios. | Índice de compressão salarial – Mede a diferença salarial entre níveis hierárquicos para identificar possíveis distorções. | Outros;;;alta;old;24-31;
86;274;People Analytics;Com quais indicadores os profissionais dedicados a People Analytics costumam trabalhar em relação a BENEFÍCIOS?;caixas_de_selecao;7;Não é utilizado nenhum indicador | Custo médio por colaborador – Mede o custo total dos benefícios dividido pelo número de funcionários. | Índice de satisfação com benefícios – Mede o nível de satisfação dos funcionários em relação aos benefícios recebidos. | Comparação com mercado – Avalia se os benefícios oferecidos estão alinhados com os padrões de mercado. | Impacto dos benefícios na retenção – Analisa a relação entre os benefícios oferecidos e a permanência dos funcionários na empresa. | Proporção de benefícios – Verifica o peso dos benefícios (plano de saúde, vale-alimentação, etc.) em relação à remuneração total. | Outros;;;alta;old;32-38;
87;274;People Analytics;Com quais indicadores os profissionais dedicados a People Analytics costumam trabalhar em relação a SAÚDE E SEGURANÇA DO TRABALHO?;caixas_de_selecao;7;Não é utilizado nenhum indicador | Taxa de acidentes de trabalho – mede a quantidade de acidentes ocorridos em relação ao número total de funcionários. | Absenteísmo – analisa a quantidade de faltas relacionadas a doenças ou problemas de saúde ou injustificadas. | Tempo médio de retorno ao trabalho – mede o tempo que um funcionário leva para retornar após afastamentos por problemas de saúde. | Percentual de empregados em programas de saúde – mede a adesão dos funcionários a programas de promoção da saúde e bem-estar. | Custo com saúde ocupacional – calcula os gastos da empresa com exames médicos, tratamentos e outras ações de saúde no trabalho. | Outros;;;alta;old;39-45;
88;274;People Analytics;Com quais indicadores os profissionais dedicados a People Analytics costumam trabalhar em relação a ADMINISTRAÇÃO DE PESSOAL?;caixas_de_selecao;7;Não é utilizado nenhum indicador | Turnover – mede a rotatividade de funcionários na empresa, calculando a relação entre admissões e desligamentos em um determinado período. | Relação horas extras vs. horas trabalhadas – mede a proporção de horas extras pelo total de horas trabalhadas pelo colaborador | Tempo médio de fechamento da folha de pagamento – mede o tempo necessário para processar a folha de pagamento mensalmente. | Tempo médio de admissão – analisa o tempo necessário para concluir todas as etapas burocráticas da contratação. | Tempo médio de desligamento – mede o período necessário para concluir processos de rescisão, pagamento e baixa na carteira. | Outros;;;alta;old;46-52;
89;274;People Analytics;Com quais indicadores os profissionais dedicados a People Analytics costumam trabalhar em relação a RECRUTAMENTO & SELEÇÃO?;caixas_de_selecao;8;Não é utilizado nenhum indicador | Tempo médio de fechamento de vagas – Mede o número de dias entre a abertura da vaga e a contratação do candidato. | Custo por contratação – Calcula o investimento médio necessário para contratar um novo funcionário, incluindo divulgação, testes e entrevistas. | Taxa de efetivação – Avalia a porcentagem de contratações que passam do período de experiência. | Índice de diversidade nas contratações – Avalia a representatividade de diferentes grupos nas novas contratações. | Satisfação dos gestores com novas contratações – Mede a percepção dos líderes sobre a adequação dos novos funcionários às suas equipes | Experiência do candidato no processo seletivo – Avalia a satisfação dos candidatos em relação à transparência, comunicação e eficiência do recrutamento | Outros;;;alta;old;53-60;
90;274;People Analytics;Quais ferramentas/softwares sua empresa utiliza para gerir os indicadores/métricas da área de Recursos Humanos?;aberta;;;;;alta;old;61;
91;1139;Gestão de benefícios corporativos;Número de colaboradores no Brasil;multipla_escolha;4;Acima de 5.000 | Até 500 | De 1.001 a 5.000 | De 501 a 1.000;;;alta;new;20;
92;1139;Gestão de benefícios corporativos;Como a gestão de benefícios é estruturada atualmente em sua empresa?;multipla_escolha;4;BPO (Business Process Outsourcing) / terceirização | Corretora/consultoria externa | Interna (RH próprio) | Modelo híbrido;;;alta;new;21;
93;1139;Gestão de benefícios corporativos;Com quais corretoras e/ou consultorias sua empresa trabalha na gestão de benefícios?Obs.: mais de uma opção pode ser selecionada.;caixas_de_selecao;7;Aon | Alper Seguros | Gallagher | It'sSeg | Lockton | WTW | Outros;;;alta;new;22-28;
94;1139;Gestão de benefícios corporativos;Em quais frentes a corretora e/ou consultoria atua na gestão de benefícios?Obs.: mais de uma opção pode ser selecionada.;caixas_de_selecao;8;Estratégia e desenho de benefícios | Negociação com operadoras | Gestão operacional (movimentações/faturamento) | Analytics e indicadores (ex.: sinistralidade) | Comunicação com colaboradores | Gestão de conformidade regulatória e LGPD (Lei Geral de Proteção de Dados) | Governança e SLAs (acordos de nível de serviço) | Outros;;;alta;new;29-36;
95;1139;Gestão de benefícios corporativos;Quais benefícios estão sob gestão estruturada? Obs.: mais de uma opção pode ser selecionada.;caixas_de_selecao;10;Plano de saúde | Plano odontológico | Seguro de vida | Previdência complementar | Benefícios flexíveis (cartão multibenefícios) | Bem-estar e saúde mental | Mobilidade e frota | Vale-alimentação/refeição | Vale-transporte | Outros;;;alta;new;37-46;
96;1139;Gestão de benefícios corporativos;Como você avalia a maturidade da gestão de benefícios?;multipla_escolha;3;Avançada (gestão estratégica com indicadores) | Básica (foco operacional) | Intermediária (análises pontuais de dados);;;alta;new;47;
97;1139;Gestão de benefícios corporativos;Quais indicadores a empresa monitora regularmente? Obs.: mais de uma opção pode ser selecionada.;caixas_de_selecao;8;Não monitoramos indicadores relacionados à gestão de benefícios | Sinistralidade por plano | Custo por vida | ROI (retorno sobre investimento) dos benefícios | Engajamento/uso dos benefícios | Satisfação dos colaboradores | Nível de serviço (SLA) do parceiro | Outros;;;alta;new;48-55;
98;1139;Gestão de benefícios corporativos;A empresa utiliza plataforma digital de benefícios?;multipla_escolha;2;Não | Sim;;;alta;new;56;
99;1139;Gestão de benefícios corporativos;Quais plataformas sua empresa utiliza para a gestão de benefícios?Obs.: mais de uma opção pode ser selecionada.;caixas_de_selecao;5;Plataforma multibenefícios (cartão de benefícios flexíveis) | Portal do parceiro (corretora/consultoria) | Sistema interno próprio | Módulo de HCM (Human Capital Management — gestão de capital humano) ou folha | Outros;;;alta;new;57-61;
100;1139;Gestão de benefícios corporativos;Quais são os principais desafios relacionados à gestão de benefícios em sua empresa?Obs.: mais de uma opção pode ser selecionada.;caixas_de_selecao;13;Não enfrentamos desafios relevantes | Falta de visão estratégica/consultiva | Baixa proatividade (atua apenas sob demanda) | Baixa capacidade de negociação com operadoras | Falta de suporte no controle de custos | Uso limitado de dados/analytics (ex.: sinistralidade, indicadores) | Complexidade ou lentidão operacional | Baixa qualidade no atendimento ao RH | Falta de soluções inovadoras/atualização de mercado | Ferramentas ou sistemas insuficientes | Comunicação ineficaz com colaboradores | Não agregam valor além do básico | Outros;;;alta;new;62-74;
101;1139;Gestão de benefícios corporativos;Quais critérios sua empresa considera na contratação ou avaliação de parceiros de gestão de benefícios?Obs.: mais de uma opção pode ser selecionada.;caixas_de_selecao;11;Experiência no setor farmacêutico | Cobertura nacional e rede de atendimento | Capacidade de analytics e insights | Qualidade do atendimento e suporte ao RH | Ferramentas digitais e integrações | Conformidade regulatória e LGPD (Lei Geral de Proteção de Dados) | Relatórios e governança (ex.: reuniões e SLAs) | Estrutura de honorários/preço total do serviço | Portfólio de programas de bem-estar/saúde | Recomendações e referências de mercado | Outros;;;alta;new;75-85;
102;1139;Gestão de benefícios corporativos;Quais iniciativas sua empresa adota para controle de custos e sinistralidadeObs.: mais de uma opção pode ser selecionada.;caixas_de_selecao;9;Não adotamos iniciativas formais | Programas de prevenção e gestão de condições crônicas | Telemedicina e atenção primária | Políticas de coparticipação e/ou franquia | Auditoria de contas e elegibilidade | Gestão de rede e direcionamento de atendimento | Educação em saúde e comunicação com colaboradores | Renegociação periódica com operadoras mediada por parceiro | Outros;;;alta;new;86-94;
103;238;Gestão de Frotas de Veículos 2025;Em sua empresa existe uma política de concessão de veículos?;multipla_escolha;2;Não | Sim;;;alta;old;17;
104;238;Gestão de Frotas de Veículos 2025;Quais são os níveis elegíveis?Obs.: mais de uma opção pode ser selecionada.;caixas_de_selecao;6;Presidente | Vice-presidente | Diretores | Gerentes Sr. | Gerentes | Colaboradores de Campo;;;alta;old;18-23;
105;238;Gestão de Frotas de Veículos 2025;Qual a forma de aquisição dos veículos?;multipla_escolha;5;Frota mista (ex.: 80% Locação e 20% Própria) | Frota própria / Veículo designado | Leasing | Locação | Verba para aquisição;;;alta;old;24;
106;238;Gestão de Frotas de Veículos 2025;Por gentileza, especifique qual a % de veículos para cada uma das modalidades abaixo:Obs.: os valores devem somar 100%.Obs².: digite apenas números inteiros, sem símbolos.;caixas_de_selecao;4;Locação | Frota própria / Veículo designado | Leasing | Verba para aquisição;;;alta;old;25-28;
107;238;Gestão de Frotas de Veículos 2025;Qual a quantidade de veículos que compõe a sua Frota?;numerica;;;;;alta;old;29;
108;238;Gestão de Frotas de Veículos 2025;O veículo é liberado para uso particular?;caixas_de_selecao;6;Presidente | Vice-presidente | Diretores | Gerentes Sr. | Gerentes | Colaboradores de Campo;;;alta;old;30-35;
109;238;Gestão de Frotas de Veículos 2025;Como o veículo é escolhido?;caixas_de_selecao;6;Presidente | Vice-presidente | Diretores | Gerentes Sr. | Gerentes | Colaboradores de Campo;;;alta;old;36-41;
110;238;Gestão de Frotas de Veículos 2025;Sua empresa trabalha com frota alugada?;multipla_escolha;2;Não | Sim;;;alta;old;42;
111;238;Gestão de Frotas de Veículos 2025;No caso de Locação de Frotas, com qual(is) Locadora(s) a sua empresa trabalha?;caixas_de_selecao;7;Localiza | ALD | Movida | Unidas | Arval | Max Fleet | Outro;;;alta;old;43-49;
112;238;Gestão de Frotas de Veículos 2025;A sua Frota possui Seguro do Veículo com apólice ou Auto Seguro contratado através da Locadora?;multipla_escolha;2;Não | Sim;;;alta;old;50;
113;238;Gestão de Frotas de Veículos 2025;Sua empresa trabalha com a modalidade de verba para aquisição do veículo?;multipla_escolha;2;Não | Sim;;;alta;old;51;
114;238;Gestão de Frotas de Veículos 2025;Em relação a verba para aquisição do veículo, ela contempla:;multipla_escolha;3;Concedem o valor do veículo adicionando o valor das despesas com: revisões, seguro, IPVA, licenciamentos etc. | Somente o valor do veículo. As demais despesas ficam por conta da empresa. | Somente o valor do veículo. As demais despesas ficam por conta do colaborador.;;;alta;old;52;
115;238;Gestão de Frotas de Veículos 2025;Em relação a utilização da verba para aquisição:;caixas_de_selecao;3;O colaborador deve comprar o carro de acordo com o valor estipulado | O colaborador pode colocar mais dinheiro e comprar um carro de maior valor | O colaborador pode comprar um carro de menor valor e ficar com o restante do dinheiro;;;alta;old;53-55;
116;238;Gestão de Frotas de Veículos 2025;Como funciona a administração do pagamento da verba para aquisição do veículo?;multipla_escolha;2;Passa pela folha de pagamento | É feito um contrato a parte para não se caracterizar como salário e sofrer tributação;;;alta;old;56;
117;238;Gestão de Frotas de Veículos 2025;Qual é o valor MÍNIMO dos veículos de acordo com o nível, em reais?Obs.: Digite apenas o número, ex.: 20000.Obs².: Para separador decimal, use ponto (.);caixas_de_selecao;6;Presidente | Vice-presidente | Diretores | Gerentes Sr. | Gerentes | Colaboradores de Campo;;;alta;old;57-62;
118;238;Gestão de Frotas de Veículos 2025;Qual é o valor MÁXIMO dos veículos de acordo com o nível?Obs.: Digite apenas o número, ex.: 20000.Obs².: Para separador decimal, use ponto (.);caixas_de_selecao;6;Presidente | Vice-presidente | Diretores | Gerentes Sr. | Gerentes | Colaboradores de Campo;;;alta;old;63-68;
119;238;Gestão de Frotas de Veículos 2025;Para cada um dos níveis abaixo, descreva 3 modelos e versões mais utilizadas:Ex.: VOLKSWAGEN T-CROSS 1.4 250 TSI TOTAL FLEX HIGHLINE AUTOMÁTICO, NISSAN KICKS 1.6 16V FLEXSTART SV XTRONIC, CHEVROLET ONIX 1.0 TURBO FLEX PLUS LTZ AUTOMÁTICO.;caixas_de_selecao;6;Presidente | Vice-presidente | Diretores | Gerentes Sr. | Gerentes | Colaboradores de Campo;;;alta;old;69-74;
120;238;Gestão de Frotas de Veículos 2025;Qual a periodicidade de troca da frota?;multipla_escolha;4;24 meses | 36 meses | 48 meses | Outro (especifique);;;alta;old;75;
121;238;Gestão de Frotas de Veículos 2025;Quais são os níveis elegíveis à blindagem?;caixas_de_selecao;7;Nenhum nível é elegível à blindagem | Presidente | Vice-presidente | Diretores | Gerentes Sr. | Gerentes | Colaboradores de Campo;;;alta;old;77-83;
122;238;Gestão de Frotas de Veículos 2025;Qual o tipo de blindagem?;caixas_de_selecao;6;Presidente | Vice-presidente | Diretores | Gerentes Sr. | Gerentes | Colaboradores de Campo;;;alta;old;84-89;
123;238;Gestão de Frotas de Veículos 2025;Quais requisitos são considerados na aquisição dos veículos?;matriz_avaliacao;96;;Presidente | Vice-presidente | Diretores | Gerentes Sr. | Gerentes | Colaboradores de Campo;Ar-condicionado | Direção hidráulica | Direção Elétrica | Potência mínima de 1.4 | Potência mínima de 1.6 | Potência mínima de 1.8 | Potência mínima de 2.0 | Transmissão automática | Bancos em couro | Sensor de estacionamento | Rodas de liga leve | Multimídia | Teto solar | Retrovisor elétrico | Câmera de ré | Freio a disco nas quatro rodas;alta;old;90-185;
124;238;Gestão de Frotas de Veículos 2025;Sua empresa oferece motorista particular para algum dos níveis abaixo?;caixas_de_selecao;6;Não oferecemos motorista particular para nenhum nível. | Presidente | Vice-presidente | Diretores | Gerentes Sr. | Gerentes;;;alta;old;186-191;
125;238;Gestão de Frotas de Veículos 2025;Sua empresa oferece segurança particular para algum dos níveis abaixo?;caixas_de_selecao;6;Não oferecemos segurança particular para nenhum nível. | Presidente | Vice-presidente | Diretores | Gerentes Sr. | Gerentes;;;alta;old;192-197;
126;238;Gestão de Frotas de Veículos 2025;De acordo com os níveis abaixo, o veículo está definido como benefício ou ferramenta de trabalho?;caixas_de_selecao;6;Presidente | Vice-presidente | Diretores | Gerentes Sr. | Gerentes | Colaboradores de Campo;;;alta;old;198-203;
127;238;Gestão de Frotas de Veículos 2025;Quem é responsável pelas despesas?;caixas_de_selecao;5;Seguro | IPVA | Licenciamentos e DPVAT | Revisões/manutenções previstas | Lavagem do veiculo;;;alta;old;204-208;
128;238;Gestão de Frotas de Veículos 2025;No período de troca, o colaborador tem a opção de ficar com o veículo?;multipla_escolha;2;Não | Sim;;;alta;old;209;
129;238;Gestão de Frotas de Veículos 2025;Quem é responsável pelo pagamento da franquia em caso de sinistro do veículo de acordo com as situações abaixo:;caixas_de_selecao;2;Roubo | Batida;;;alta;old;210-211;
130;238;Gestão de Frotas de Veículos 2025;Como é a forma de concessão dos valores para combustível?;multipla_escolha;4;Cartão combustível | Outro (especifique) | Reembolso mediante a apresentação de comprovante de pagamento | Valor depositado em conta bancária;;;alta;old;212;
131;238;Gestão de Frotas de Veículos 2025;Como é definido o valor concedido para combustível?;multipla_escolha;4;De acordo com a distância | Limitado por valor R$ | Não há um limite | Outro (especifique);;;alta;old;214;
132;238;Gestão de Frotas de Veículos 2025;O valor concedido é livre para abastecimento de outro veículo particular do colaborador?;multipla_escolha;2;Não, somente para o veículo concedido pela empresa | Sim, o valor é livre para o abastecimento do veículo particular / não há controle sobre o uso.;;;alta;old;216;
139;238;Gestão de Frotas de Veículos 2025;Qual o valor base oferecido para o colaborador adquirir o veículo neste caso?;multipla_escolha;7;100% da tabela Fipe | De 51% a 60% da tabela Fipe | De 61% a 70% da tabela Fipe | De 71% a 80% da tabela Fipe | Menos de 50% da tabela Fipe | Negociado com a locadora ou empresa do leasing | Negociado individualmente;;;média;old;223;
140;238;Gestão de Frotas de Veículos 2025;Como é a forma de pagamento?;multipla_escolha;4;Financiado com a própria empresa | Negociado diretamente com a locadora ou empresa do leasing | Outro (especifique) | À vista;;;alta;old;224;
141;238;Gestão de Frotas de Veículos 2025;Quem é responsável pelo pagamento de multas por infrações de trânsito?;caixas_de_selecao;6;Presidente | Vice-presidente | Diretores | Gerentes Sr. | Gerentes | Colaboradores de Campo;;;alta;old;226-231;
142;238;Gestão de Frotas de Veículos 2025;Em relação as multas de trânsito, colaborador é obrigado a informar a CNH do condutor?;multipla_escolha;3;Não, porém fica responsável pela multa de agravo por não informar a CNH. | Não, sem responsabilidade de pagamento da multa de agravo | Sim;;;alta;old;232;
143;238;Gestão de Frotas de Veículos 2025;Quais são as ações da empresa em caso de multa por infração de trânsito do colaborador?;caixas_de_selecao;6;Nenhuma | Advertência | Penalidade em caso de infrações gravíssimas | Ações educacionais e/ou disciplinares | Avalia-se caso a caso | Outro;;;alta;old;233-238;
144;238;Gestão de Frotas de Veículos 2025;Os dependentes podem utilizar o veículo?;caixas_de_selecao;6;Presidente | Vice-presidente | Diretores | Gerentes Sr. | Gerentes | Colaboradores de Campo;;;alta;old;239-244;
145;238;Gestão de Frotas de Veículos 2025;Quando em utilização por dependentes, quem arca com os seguintes custos?;caixas_de_selecao;3;Multas | Franquia em caso de sinistro (Roubo) | Franquia em caso de sinistro (Batida);;;alta;old;245-247;
146;238;Gestão de Frotas de Veículos 2025;Qual o prazo para disponibilização do veículo para recém-contratados?;multipla_escolha;6;Após 1 mês no cargo elegível | Após 2 meses no cargo elegível | Após 3 meses no cargo elegível | Imediato | Não há uma definição | Outro prazo (especifique);;;alta;old;248;
147;238;Gestão de Frotas de Veículos 2025;No caso de afastamento médico, o veículo é recolhido?;multipla_escolha;2;Não | Sim (Especifique a partir de quantos dias de afastamento isto ocorre);;;alta;old;250;
148;238;Gestão de Frotas de Veículos 2025;No caso de afastamento médico, os benefícios em relação a combustível, como por exemplo o cartão vale-combustível ou valor disponibilizado mensalmente são cessados?;multipla_escolha;2;Não | Sim (Especifique a partir de quantos dias de afastamento isto ocorre);;;alta;old;252;
149;238;Gestão de Frotas de Veículos 2025;No momento da desmobilização do veículo, as avarias indicadas no auto de vistoria são descontadas do colaborador?;multipla_escolha;5;Apenas se for comprovado que a avaria foi ocasionada pelo colaborador | Não | Outro (especifique) | Sim | É avaliado caso a caso;;;alta;old;254;
150;238;Gestão de Frotas de Veículos 2025;"Qual o valor em R$ pago pela sua empresa para reembolso por KM rodado?Digite o valor em reais sem símbolos (""R$""). Para separador decimal que represente centavos, use ponto (.)Ex. 1.20 (que representa R$1,20)";numerica;;;;;alta;old;256;
151;238;Gestão de Frotas de Veículos 2025;Quais são as ações da empresa em caso de recusa de bafômetro ou comprovação de embriaguez, supondo que já tenha sido julgado o recurso e tenha sido deferido a perda da CNH do colaborador?;multipla_escolha;6;Advertência | O gestor da área define | Outro (especifique) | Rescisão do contrato de trabalho por justa causa | Retirada do veículo e manutenção do trabalho com aplicativos de transporte | É avaliado caso a caso;;;alta;old;257;
152;238;Gestão de Frotas de Veículos 2025;Qual a conduta adotada pela empresa caso o representante perca a CNH, por outros motivos, supondo que já tenha sido julgado o recurso e tenha sido deferido a perda da CNH do colaborador?;multipla_escolha;7;O gestor da área define | Outro (especifique) | Rescisão do contrato de trabalho | Retirada do veículo e fornecimento de um cartão mobilidade / vale transporte | Retirada do veículo e manutenção do trabalho com aplicativos de transporte | Retirada do veículo e o colaborador fica responsável pelo deslocamento | É avaliado caso a caso;;;média;old;259;
153;238;Gestão de Frotas de Veículos 2025;Considerando os últimos 12 meses, quais mudanças ocorreram em sua política de concessão de veículos?;caixas_de_selecao;13;Não ocorreu nenhuma mudança | Aumento da faixa de valor dos veículos da frota | Redução da faixa de valor dos veículos da frota | Aumento no valor do auxílio combustível | Redução no valor do auxílio combustível | Níveis elegíveis (alguns níveis foram incluídos) | Níveis elegíveis (alguns níveis foram retirados) | Upgrade na categoria dos veículos | Downgrade na categoria dos veículos | Mudança na forma de aquisição para frota alugada | Mudança na forma de aquisição para frota leasing | Mudança na forma de aquisição para frota própria | Outra;;;alta;old;261-273;
154;238;Gestão de Frotas de Veículos 2025;Considerando os últimos 12 meses, houve mudança na faixa de valor dos veículos da frota?;multipla_escolha;3;Não, permanecemos com a mesma faixa de valor | Sim, tivemos aumento na faixa de valor | Sim, tivemos redução na faixa de valor;;;alta;old;274;
155;238;Gestão de Frotas de Veículos 2025;Qual a média % de aumento?;numerica;;;;;alta;old;275;
156;238;Gestão de Frotas de Veículos 2025;Qual a média % de redução?;numerica;;;;;alta;old;276;
157;238;Gestão de Frotas de Veículos 2025;Ocorreu mudança no valor disponibilizado para combustível nos últimos 12 meses?;multipla_escolha;3;Não, permanecemos com o mesmo valor. | Sim, tivemos aumento no valor. | Sim, tivemos redução no valor.;;;alta;old;277;
158;238;Gestão de Frotas de Veículos 2025;Qual a % de aumento?;numerica;;;;;alta;old;278;
159;238;Gestão de Frotas de Veículos 2025;Qual a % de redução?;numerica;;;;;alta;old;279;
160;238;Gestão de Frotas de Veículos 2025;Considerando os últimos 12 meses, houve mudança nos níveis elegíveis à política de concessão de veículos?Ex.: Gerentes Sr. passaram a ter direito ao veículo.Obs.: Considere os níveis elencados nesta pesquisa (Presidente, Vice-Presidente, Diretores, Gerentes Sr., Gerentes e Colaboradores de Campo).;multipla_escolha;3;Não, permanecemos com os mesmos níveis elegíveis. | Sim, tivemos a retirada de algum(ns) nível(is). | Sim, tivemos inclusão de outro(s) nível(is).;;;alta;old;280;
161;238;Gestão de Frotas de Veículos 2025;Quais níveis passaram a ser elegíveis à concessão de veículos nos últimos 12 meses?;caixas_de_selecao;6;Presidente | Vice-presidente | Diretores | Gerentes Sr. | Gerentes | Colaboradores de Campo;;;alta;old;281-286;
162;238;Gestão de Frotas de Veículos 2025;Quais níveis deixaram de ser elegíveis à concessão de veículos nos últimos 12 meses?;caixas_de_selecao;6;Presidente | Vice-presidente | Diretores | Gerentes Sr. | Gerentes | Colaboradores de Campo;;;alta;old;287-292;
163;238;Gestão de Frotas de Veículos 2025;Considerando os próximos 12 meses, quais mudanças estão previstas na política de concessão de veículos:;caixas_de_selecao;13;Não está prevista nenhuma mudança | Aumento da faixa de valor dos veículos da frota | Redução da faixa de valor dos veículos da frota | Aumento no valor do auxílio combustível | Redução no valor do auxílio combustível | Níveis elegíveis (alguns níveis serão incluídos) | Níveis elegíveis (alguns níveis serão retirados) | Upgrade na categoria dos veículos | Downgrade na categoria dos veículos | Mudança na forma de concessão para frota alugada | Mudança na forma de concessão para frota leasing | Mudança na forma de concessão para frota própria | Outra;;;alta;old;293-305;
164;377;Gestão de Frotas de Veículos 2026;Em sua empresa existe uma política de concessão de veículos?;multipla_escolha;2;Não | Sim;;;alta;new;20;
165;377;Gestão de Frotas de Veículos 2026;Quais são os níveis elegíveis?Obs.: mais de uma opção pode ser selecionada.;caixas_de_selecao;6;Presidente | Vice-presidente | Diretores | Gerentes Sr. | Gerentes | Colaboradores de Campo;;;alta;new;21-26;
166;377;Gestão de Frotas de Veículos 2026;Qual a forma de aquisição dos veículos?;multipla_escolha;5;Frota mista (ex.: 80% Locação e 20% Própria) | Frota própria / Veículo designado | Leasing | Locação | Verba para aquisição;;;alta;new;27;
167;377;Gestão de Frotas de Veículos 2026;Por gentileza, especifique qual a % de veículos para cada uma das modalidades abaixo:Obs.: os valores devem somar 100%.Obs².: digite apenas números inteiros, sem símbolos.;caixas_de_selecao;4;Locação | Frota própria / Veículo designado | Leasing | Verba para aquisição;;;alta;new;28-31;
168;377;Gestão de Frotas de Veículos 2026;Qual a quantidade de veículos que compõe a sua Frota?;numerica;;;;;alta;new;32;
169;377;Gestão de Frotas de Veículos 2026;O veículo é liberado para uso particular?;caixas_de_selecao;6;Presidente | Vice-presidente | Diretores | Gerentes Sr. | Gerentes | Colaboradores de Campo;;;alta;new;33-38;
170;377;Gestão de Frotas de Veículos 2026;Como o veículo é escolhido?;caixas_de_selecao;6;Presidente | Vice-presidente | Diretores | Gerentes Sr. | Gerentes | Colaboradores de Campo;;;alta;new;39-44;
171;377;Gestão de Frotas de Veículos 2026;Sua empresa trabalha com frota alugada?;multipla_escolha;2;Não | Sim;;;alta;new;45;
172;377;Gestão de Frotas de Veículos 2026;No caso de Locação de Frotas, com qual(is) Locadora(s) a sua empresa trabalha?;caixas_de_selecao;7;Localiza | ALD | Movida | Unidas | Arval | Max Fleet | Outro;;;alta;new;46-52;
173;377;Gestão de Frotas de Veículos 2026;A sua Frota possui Seguro do Veículo com apólice ou Auto Seguro contratado através da Locadora?;multipla_escolha;2;Não | Sim;;;alta;new;53;
174;377;Gestão de Frotas de Veículos 2026;Sua empresa trabalha com a modalidade de verba para aquisição do veículo?;multipla_escolha;2;Não | Sim;;;alta;new;54;
175;377;Gestão de Frotas de Veículos 2026;Em relação a verba para aquisição do veículo, ela contempla:;multipla_escolha;3;Concedem o valor do veículo adicionando o valor das despesas com: revisões, seguro, IPVA, licenciamentos etc. | Somente o valor do veículo. As demais despesas ficam por conta da empresa. | Somente o valor do veículo. As demais despesas ficam por conta do colaborador.;;;alta;new;55;
176;377;Gestão de Frotas de Veículos 2026;Em relação a utilização da verba para aquisição:;caixas_de_selecao;3;O colaborador deve comprar o carro de acordo com o valor estipulado | O colaborador pode colocar mais dinheiro e comprar um carro de maior valor | O colaborador pode comprar um carro de menor valor e ficar com o restante do dinheiro;;;alta;new;56-58;
177;377;Gestão de Frotas de Veículos 2026;Como funciona a administração do pagamento da verba para aquisição do veículo?;multipla_escolha;2;Passa pela folha de pagamento | É feito um contrato a parte para não se caracterizar como salário e sofrer tributação;;;alta;new;59;
178;377;Gestão de Frotas de Veículos 2026;Qual é o valor MÍNIMO dos veículos de acordo com o nível, em reais?Obs.: Digite apenas o número, ex.: 20000.Obs².: Para separador decimal, use ponto (.);caixas_de_selecao;6;Presidente | Vice-presidente | Diretores | Gerentes Sr. | Gerentes | Colaboradores de Campo;;;alta;new;60-65;
179;377;Gestão de Frotas de Veículos 2026;Qual é o valor MÁXIMO dos veículos de acordo com o nível?Obs.: Digite apenas o número, ex.: 20000.Obs².: Para separador decimal, use ponto (.);caixas_de_selecao;6;Presidente | Vice-presidente | Diretores | Gerentes Sr. | Gerentes | Colaboradores de Campo;;;alta;new;66-71;
180;377;Gestão de Frotas de Veículos 2026;Para cada um dos níveis abaixo, descreva 3 modelos e versões mais utilizadas:Ex.: VOLKSWAGEN T-CROSS 1.4 250 TSI TOTAL FLEX HIGHLINE AUTOMÁTICO, NISSAN KICKS 1.6 16V FLEXSTART SV XTRONIC, CHEVROLET ONIX 1.0 TURBO FLEX PLUS LTZ AUTOMÁTICO.;caixas_de_selecao;6;Presidente | Vice-presidente | Diretores | Gerentes Sr. | Gerentes | Colaboradores de Campo;;;alta;new;72-77;
181;377;Gestão de Frotas de Veículos 2026;Qual a periodicidade de troca da frota?;multipla_escolha;4;24 meses | 36 meses | 48 meses | Outro (especifique);;;alta;new;78;
182;377;Gestão de Frotas de Veículos 2026;Quais são os níveis elegíveis à blindagem?;caixas_de_selecao;7;Nenhum nível é elegível à blindagem | Presidente | Vice-presidente | Diretores | Gerentes Sr. | Gerentes | Colaboradores de Campo;;;alta;new;80-86;
183;377;Gestão de Frotas de Veículos 2026;Qual o tipo de blindagem?;caixas_de_selecao;6;Presidente | Vice-presidente | Diretores | Gerentes Sr. | Gerentes | Colaboradores de Campo;;;alta;new;87-92;
184;377;Gestão de Frotas de Veículos 2026;Quais requisitos são considerados na aquisição dos veículos?;matriz_avaliacao;96;;Presidente | Vice-presidente | Diretores | Gerentes Sr. | Gerentes | Colaboradores de Campo;Ar-condicionado | Direção hidráulica | Direção Elétrica | Potência mínima de 1.4 | Potência mínima de 1.6 | Potência mínima de 1.8 | Potência mínima de 2.0 | Transmissão automática | Bancos em couro | Sensor de estacionamento | Rodas de liga leve | Multimídia | Teto solar | Retrovisor elétrico | Câmera de ré | Freio a disco nas quatro rodas;alta;new;93-188;
185;377;Gestão de Frotas de Veículos 2026;Sua empresa oferece motorista particular para algum dos níveis abaixo?;caixas_de_selecao;6;Não oferecemos motorista particular para nenhum nível. | Presidente | Vice-presidente | Diretores | Gerentes Sr. | Gerentes;;;alta;new;189-194;
186;377;Gestão de Frotas de Veículos 2026;Sua empresa oferece segurança particular para algum dos níveis abaixo?;caixas_de_selecao;6;Não oferecemos segurança particular para nenhum nível. | Presidente | Vice-presidente | Diretores | Gerentes Sr. | Gerentes;;;alta;new;195-200;
187;377;Gestão de Frotas de Veículos 2026;De acordo com os níveis abaixo, o veículo está definido como benefício ou ferramenta de trabalho?;caixas_de_selecao;6;Presidente | Vice-presidente | Diretores | Gerentes Sr. | Gerentes | Colaboradores de Campo;;;alta;new;201-206;
188;377;Gestão de Frotas de Veículos 2026;Quem é responsável pelas despesas?;caixas_de_selecao;5;Seguro | IPVA | Licenciamentos e DPVAT | Revisões/manutenções previstas | Lavagem do veiculo;;;alta;new;207-211;
189;377;Gestão de Frotas de Veículos 2026;No período de troca, o colaborador tem a opção de ficar com o veículo?;multipla_escolha;2;Não | Sim;;;alta;new;212;
190;377;Gestão de Frotas de Veículos 2026;Quem é responsável pelo pagamento da franquia em caso de sinistro do veículo de acordo com as situações abaixo:;caixas_de_selecao;2;Roubo | Batida;;;alta;new;213-214;
191;377;Gestão de Frotas de Veículos 2026;Como é a forma de concessão dos valores para combustível?;multipla_escolha;3;Cartão combustível | Outro (especifique) | Reembolso mediante a apresentação de comprovante de pagamento;;;alta;new;215;
192;377;Gestão de Frotas de Veículos 2026;Como é definido o valor concedido para combustível?;multipla_escolha;4;De acordo com a distância | Limitado por valor R$ | Não há um limite | Outro (especifique);;;alta;new;217;
193;377;Gestão de Frotas de Veículos 2026;O valor concedido é livre para abastecimento de outro veículo particular do colaborador?;multipla_escolha;2;Não, somente para o veículo concedido pela empresa | Sim, o valor é livre para o abastecimento do veículo particular / não há controle sobre o uso.;;;alta;new;219;
194;377;Gestão de Frotas de Veículos 2026;Para colaboradores de campo que trabalham em capitais e regiões com menor km de deslocamento, qual o valor médio em R$ disponibilizado mensalmente?;numerica;;;;;alta;new;220;
195;377;Gestão de Frotas de Veículos 2026;Para colaboradores de campo que trabalham no interior e regiões com maior km de deslocamento, qual o valor médio em R$ disponibilizado mensalmente?;numerica;;;;;alta;new;221;
196;377;Gestão de Frotas de Veículos 2026;A empresa realiza tributação do vale-combustível?;multipla_escolha;2;Não | Sim;;;alta;new;222;
197;377;Gestão de Frotas de Veículos 2026;O vale-combustível passa pela folha de pagamento?;multipla_escolha;2;Não | Sim;;;alta;new;223;
198;377;Gestão de Frotas de Veículos 2026;O vale-combustível é concedido no período de férias?;multipla_escolha;2;Não | Sim;;;alta;new;224;
199;377;Gestão de Frotas de Veículos 2026;O vale-combustível é descontado do salário do colaborador?;multipla_escolha;1;Não;;;alta;new;225;
200;377;Gestão de Frotas de Veículos 2026;Qual o valor base oferecido para o colaborador adquirir o veículo neste caso?;multipla_escolha;7;De 51% a 60% da tabela Fipe | De 61% a 70% da tabela Fipe | De 71% a 80% da tabela Fipe | De 81% a 90% da tabela Fipe | Menos de 50% da tabela Fipe | Negociado com a locadora ou empresa do leasing | Negociado individualmente;;;média;new;226;
201;377;Gestão de Frotas de Veículos 2026;Como é a forma de pagamento?;multipla_escolha;3;Negociado diretamente com a locadora ou empresa do leasing | Outro (especifique) | À vista;;;alta;new;227;
202;377;Gestão de Frotas de Veículos 2026;Quem é responsável pelo pagamento de multas por infrações de trânsito?;caixas_de_selecao;6;Presidente | Vice-presidente | Diretores | Gerentes Sr. | Gerentes | Colaboradores de Campo;;;alta;new;229-234;
203;377;Gestão de Frotas de Veículos 2026;Em relação as multas de trânsito, colaborador é obrigado a informar a CNH do condutor?;multipla_escolha;3;Não, porém fica responsável pela multa de agravo por não informar a CNH. | Não, sem responsabilidade de pagamento da multa de agravo | Sim;;;alta;new;235;
204;377;Gestão de Frotas de Veículos 2026;Quais são as ações da empresa em caso de multa por infração de trânsito do colaborador?;caixas_de_selecao;6;Nenhuma | Advertência | Penalidade em caso de infrações gravíssimas | Ações educacionais e/ou disciplinares | Avalia-se caso a caso | Outro;;;alta;new;236-241;
205;377;Gestão de Frotas de Veículos 2026;Os dependentes podem utilizar o veículo?;caixas_de_selecao;6;Presidente | Vice-presidente | Diretores | Gerentes Sr. | Gerentes | Colaboradores de Campo;;;alta;new;242-247;
206;377;Gestão de Frotas de Veículos 2026;Quando em utilização por dependentes, quem arca com os seguintes custos?;caixas_de_selecao;3;Multas | Franquia em caso de sinistro (Roubo) | Franquia em caso de sinistro (Batida);;;alta;new;248-250;
207;377;Gestão de Frotas de Veículos 2026;Qual o prazo para disponibilização do veículo para recém-contratados?;multipla_escolha;4;Após 3 meses no cargo elegível | Imediato | Não há uma definição | Outro prazo (especifique);;;alta;new;251;
208;377;Gestão de Frotas de Veículos 2026;No caso de afastamento médico, o veículo é recolhido?;multipla_escolha;2;Não | Sim (Especifique a partir de quantos dias de afastamento isto ocorre);;;alta;new;253;
209;377;Gestão de Frotas de Veículos 2026;No caso de afastamento médico, os benefícios em relação a combustível, como por exemplo o cartão vale-combustível ou valor disponibilizado mensalmente são cessados?;multipla_escolha;2;Não | Sim (Especifique a partir de quantos dias de afastamento isto ocorre);;;alta;new;255;
210;377;Gestão de Frotas de Veículos 2026;No momento da desmobilização do veículo, as avarias indicadas no auto de vistoria são descontadas do colaborador?;multipla_escolha;5;Apenas se for comprovado que a avaria foi ocasionada pelo colaborador | Não | Outro (especifique) | Sim | É avaliado caso a caso;;;alta;new;257;
211;377;Gestão de Frotas de Veículos 2026;"Qual o valor em R$ pago pela sua empresa para reembolso por KM rodado?Digite o valor em reais sem símbolos (""R$""). Para separador decimal que represente centavos, use ponto (.)Ex. 1.20 (que representa R$1,20)";numerica;;;;;alta;new;259;
212;377;Gestão de Frotas de Veículos 2026;Quais são as ações da empresa em caso de recusa de bafômetro ou comprovação de embriaguez, supondo que já tenha sido julgado o recurso e tenha sido deferido a perda da CNH do colaborador?;multipla_escolha;6;Advertência | O gestor da área define | Outro (especifique) | Rescisão do contrato de trabalho por justa causa | Retirada do veículo e o colaborador fica responsável pelo deslocamento | É avaliado caso a caso;;;alta;new;260;
213;377;Gestão de Frotas de Veículos 2026;Qual a conduta adotada pela empresa caso o representante perca a CNH, por outros motivos, supondo que já tenha sido julgado o recurso e tenha sido deferido a perda da CNH do colaborador?;multipla_escolha;6;O gestor da área define | Outro (especifique) | Rescisão do contrato de trabalho | Retirada do veículo e manutenção do trabalho com aplicativos de transporte | Retirada do veículo e o colaborador fica responsável pelo deslocamento | É avaliado caso a caso;;;alta;new;262;
214;377;Gestão de Frotas de Veículos 2026;Considerando os últimos 12 meses, quais mudanças ocorreram em sua política de concessão de veículos?;caixas_de_selecao;13;Não ocorreu nenhuma mudança | Aumento da faixa de valor dos veículos da frota | Redução da faixa de valor dos veículos da frota | Aumento no valor do auxílio combustível | Redução no valor do auxílio combustível | Níveis elegíveis (alguns níveis foram incluídos) | Níveis elegíveis (alguns níveis foram retirados) | Upgrade na categoria dos veículos | Downgrade na categoria dos veículos | Mudança na forma de aquisição para frota alugada | Mudança na forma de aquisição para frota leasing | Mudança na forma de aquisição para frota própria | Outra;;;alta;new;264-276;
215;377;Gestão de Frotas de Veículos 2026;Considerando os últimos 12 meses, houve mudança na faixa de valor dos veículos da frota?;multipla_escolha;3;Não, permanecemos com a mesma faixa de valor | Sim, tivemos aumento na faixa de valor | Sim, tivemos redução na faixa de valor;;;alta;new;277;
216;377;Gestão de Frotas de Veículos 2026;Qual a média % de aumento?;numerica;;;;;alta;new;278;
217;377;Gestão de Frotas de Veículos 2026;Qual a média % de redução?;numerica;;;;;alta;new;279;
218;377;Gestão de Frotas de Veículos 2026;Ocorreu mudança no valor disponibilizado para combustível nos últimos 12 meses?;multipla_escolha;3;Não, permanecemos com o mesmo valor. | Sim, tivemos aumento no valor. | Sim, tivemos redução no valor.;;;alta;new;280;
219;377;Gestão de Frotas de Veículos 2026;Qual a % de aumento?;numerica;;;;;alta;new;281;
220;377;Gestão de Frotas de Veículos 2026;Qual a % de redução?;numerica;;;;;alta;new;282;
221;377;Gestão de Frotas de Veículos 2026;Considerando os últimos 12 meses, houve mudança nos níveis elegíveis à política de concessão de veículos?Ex.: Gerentes Sr. passaram a ter direito ao veículo.Obs.: Considere os níveis elencados nesta pesquisa (Presidente, Vice-Presidente, Diretores, Gerentes Sr., Gerentes e Colaboradores de Campo).;multipla_escolha;3;Não, permanecemos com os mesmos níveis elegíveis. | Sim, tivemos a retirada de algum(ns) nível(is). | Sim, tivemos inclusão de outro(s) nível(is).;;;alta;new;283;
222;377;Gestão de Frotas de Veículos 2026;Quais níveis passaram a ser elegíveis à concessão de veículos nos últimos 12 meses?;caixas_de_selecao;6;Presidente | Vice-presidente | Diretores | Gerentes Sr. | Gerentes | Colaboradores de Campo;;;alta;new;284-289;
223;377;Gestão de Frotas de Veículos 2026;Quais níveis deixaram de ser elegíveis à concessão de veículos nos últimos 12 meses?;caixas_de_selecao;6;Presidente | Vice-presidente | Diretores | Gerentes Sr. | Gerentes | Colaboradores de Campo;;;alta;new;290-295;
224;377;Gestão de Frotas de Veículos 2026;Considerando os próximos 12 meses, quais mudanças estão previstas na política de concessão de veículos:;caixas_de_selecao;13;Não está prevista nenhuma mudança | Aumento da faixa de valor dos veículos da frota | Redução da faixa de valor dos veículos da frota | Aumento no valor do auxílio combustível | Redução no valor do auxílio combustível | Níveis elegíveis (alguns níveis serão incluídos) | Níveis elegíveis (alguns níveis serão retirados) | Upgrade na categoria dos veículos | Downgrade na categoria dos veículos | Mudança na forma de concessão para frota alugada | Mudança na forma de concessão para frota leasing | Mudança na forma de concessão para frota própria | Outra;;;alta;new;296-308;
225;414;A Adoção das Evidências de Mundo Real (RWE);Qual é a origem do capital da sua empresa ou instituição?;multipla_escolha;2;Não | Sim;;;alta;new;22;
226;414;A Adoção das Evidências de Mundo Real (RWE);Quais fontes de dados são ou foram utilizadas nos estudos de RWD/RWE conduzidos pela sua organização no Brasil? Obs.: mais de uma opção pode ser selecionada.;caixas_de_selecao;7;Prontuários médicos eletrônicos | Base de dados de sociedades médicas | Dados da saúde suplementar (ex.: operadoras de planos de saúde) | Dados administrativos de importação ou notas fiscais eletrônicas | Dados provenientes de tribunais de justiça | Programas de prescrição ou dispensação de medicamentos | Outros;;;alta;new;25-31;
227;414;A Adoção das Evidências de Mundo Real (RWE);Em quais áreas terapêuticas sua empresa ou instituição já conduziu ou está conduzindo estudos utilizando RWD/RWE com dados da população brasileira? Obs.: mais de uma opção pode ser selecionada.;caixas_de_selecao;22;Covid-19 | Dermatologia | Diagnóstico | Infectologia | Doenças raras | Endocrinologia | Gastroenterologia | Ginecologia | Hematologia | Reumatologia | Neurologia | Oftalmologia | Oncologia ou onco-hematologia | Ortopedia | Pediatria | Psiquiatria | Doenças respiratórias | Terapias celulares ou gênicas | Vacinas | Outros | Incorporação de tecnologias em saúde (ex.: CONITEC ou ANS) | Desenvolvimento de modelos econômicos em saúde;;;alta;new;36-57;
228;414;A Adoção das Evidências de Mundo Real (RWE);Para quais objetivos os estudos de RWE conduzidos pela sua empresa ou instituição no Brasil foram utilizados? Obs.: mais de uma opção pode ser selecionada.;caixas_de_selecao;10;Estratégias de acesso ao mercado | Submissão para registro sanitário | Renovação de registro sanitário | Alteração pós-registro (ex.: inclusão de nova indicação terapêutica) | Cumprimento de compromissos pós-comercialização | Farmacovigilância (monitoramento da segurança de medicamentos após a comercialização) | Avaliação de padrões de tratamento ou desfechos clínicos | Atendimento a demandas de pacientes ou consumidores | Atendimento a demandas de programas públicos de saúde (ex.: Programa Nacional de Imunizações) | Outros;;;alta;new;58-67;
229;414;A Adoção das Evidências de Mundo Real (RWE);Quais tipos de desfechos são avaliados nos estudos conduzidos pela sua empresa ou instituição? Obs.: mais de uma opção pode ser selecionada.;caixas_de_selecao;7;Diagnóstico da doença | Eficácia do tratamento | Segurança do tratamento | Desfechos econômicos | Procedimentos médicos ou terapêuticos | Exposição a fatores específicos | Outros;;;alta;new;72-78;
230;414;A Adoção das Evidências de Mundo Real (RWE);A empresa ou o banco de dados utilizado já foi auditado por alguma autoridade sanitária ou regulatória?;multipla_escolha;2;Não | Sim;;;alta;new;81;
231;414;A Adoção das Evidências de Mundo Real (RWE);Qual autoridade sanitária ou regulatória realizou a auditoria?;multipla_escolha;2;Não | Sim;;;alta;new;82;
232;414;A Adoção das Evidências de Mundo Real (RWE);Sua empresa ou instituição já utilizou estudos de RWE para subsidiar processos regulatórios ou de incorporação tecnológica perante órgãos como Anvisa, ANS, CONITEC ou outras autoridades regulatórias?;multipla_escolha;2;Não | Sim;;;alta;new;83;
233;414;A Adoção das Evidências de Mundo Real (RWE);Sua empresa ou instituição tem conhecimento da publicação do “Guia de boas práticas para estudos de dados de mundo real – Guia nº 64/2023 – versão 1” da Anvisa e da criação do Grupo de Trabalho (GT) de RWE da agência?;multipla_escolha;1;Medicamentos isentos de prescrição (OTC – Over The Counter);;;alta;new;84;
234;414;A Adoção das Evidências de Mundo Real (RWE);Em qual área terapêutica ocorreu a submissão do estudo ao Grupo de Trabalho de RWE da Anvisa?;numerica;;;;;alta;new;86;
235;414;A Adoção das Evidências de Mundo Real (RWE);Em uma escala de 0 a 10, como sua empresa ou instituição avalia a experiência no processo de submissão e avaliação pelo Grupo de Trabalho de RWE da Anvisa?;aberta;;;;;alta;new;88;
236;414;A Adoção das Evidências de Mundo Real (RWE);Quais dúvidas ou preocupações sua empresa ou instituição ainda possui em relação ao processo conduzido pelo Grupo de Trabalho de RWE da Anvisa?;multipla_escolha;1;;;;média;new;87;
237;414;A Adoção das Evidências de Mundo Real (RWE);Quais são as principais dificuldades e aprendizados identificados pela sua empresa ou instituição na condução de estudos utilizando RWD ou RWE no Brasil?;aberta;;;;;média;new;88;
